model_name,mmlu_cloze_avg,lambda_acc,arc_easy_acc,arc_challenge_acc_norm,piqa_acc_norm,hellaswag_acc_norm,winogrande_acc,openbookqa_acc_norm,truthfulqa_mc2_acc,siqa,boolq_acc,race_acc,avg
gpt2-xl-climbmix-8k-lr3e-4__hf_model_2000,25.851018373451073,20.221230351251698,54.67171717171717,27.303754266211605,67.84548422198041,35.01294562836089,48.934490923441196,31.4,39.506569596338984,36.74513817809621,53.39449541284404,28.421052631578945,39.108991396272685
gpt2-xl-climbmix-8k-lr3e-4__hf_model_3000,26.741204956558896,25.69377061905686,58.88047138047138,30.46075085324232,70.4570184983678,38.657637920732924,51.38121546961326,33.800000000000004,36.999382744885764,36.59160696008188,54.984709480122326,28.80382775119617,41.120966386194134
gpt2-xl-climbmix-8k-lr3e-4__hf_model_1000,24.661729098419027,10.110615175625849,45.370370370370374,23.12286689419795,60.44613710554951,28.540131447918743,51.46014206787688,28.999999999999996,43.31563836681273,35.41453428863869,55.10703363914373,25.071770334928228,35.96841406579014
