model_name,mmlu_cloze_avg,lambda_acc,arc_easy_acc,arc_challenge_acc_norm,piqa_acc_norm,hellaswag_acc_norm,winogrande_acc,openbookqa_acc_norm,truthfulqa_mc2_acc,siqa,boolq_acc,race_acc,avg
gpt2-xl-smollm-8k-lr3e-4__hf_model_1000,24.80415895171628,9.547836211915389,43.392255892255896,23.037542662116042,57.83460282916213,27.524397530372436,49.644830307813734,25.0,45.82554820212188,35.51688843398158,58.776758409785934,25.167464114832537,35.506023628839486
gpt2-xl-smollm-8k-lr3e-4__hf_model_2000,26.69847600056972,19.60023287405395,50.63131313131313,27.474402730375424,63.873775843307946,33.41963752240589,50.82872928176796,29.599999999999998,39.85401924512939,36.02865916069601,58.47094801223241,28.51674641148325,38.749745017777926
gpt2-xl-smollm-8k-lr3e-4__hf_model_3000,27.332288847742486,23.8889967009509,54.292929292929294,27.559726962457336,65.23394994559304,35.8195578570006,51.53906866614049,30.2,38.86721191657827,36.8474923234391,57.09480122324159,28.13397129186603,39.73416625232826
